<?xml version="1.0" encoding="UTF-8" standalone="yes"?>
<addon id="repository.VisionPlay" name="VisionPlay REPO" version="1.0" provider-name="Alexandre">
    <extension point="xbmc.addon.repository" name="Nome Repository">
        <dir>
            <info compressed="false">https://raw.githubusercontent.com//fini-ux/horus_team/blob/main/VisionPlay.md/master/zips/addons.xml</info>
            <checksum>https://raw.githubusercontent.com//fini-ux/horus_team/blob/main/VisionPlay.md/master/zips/addons.xml.md5</checksum>
            <datadir zip="true">https://raw.githubusercontent.com//fini-ux/horus_team/blob/main/VisionPlay.md/master/zips/</datadir>
        </dir>
    </extension>
    <extension point="xbmc.addon.metadata">
        <summary>REPO VisionPlay</summary>
        <description>Addon VisionPlay tudo em um só lugar.</description>
        <disclaimer></disclaimer>
        <platform>all</platform>
        <assets>
            <icon>icon.png</icon>
            <fanart>fanart.jpg</fanart>
        </assets>
    </extension>
</addon>